Name,Y,X,H,,known
start,0.027459811,26.03757614,0,,1
finish,72.91961804,2.584202161,0,,1
