Name,Y,X,H,,Known
START,-9.24406,45.97,0,,1
FINISH,75.9398,9.41206,0,,1
one,27.8787,45.8606,0,,1
four,61.0534,38.0396,0,,1
