Code,c,,Observation,,known
0,menzies,,,,0
1,,T119,62.43833333,,1
1,,T117,103.6786111,,1
1,,T013,137.4769444,,1
1,,T381,225.115,,1
1,,T040,300.4552778,,1
